黑帽子CVV联盟：TG唯一频道: @hmzlm000，盗发必究！
可以定制全球us，ca，jp，au等各国鱼塘（短信+邮件）
同时接全球同步鱼定制！
需要全球嗅探精料，普料，毛料联系tg唯一私号：@hmzlmzero！
没有通道打的私我（有条件，只限老手团队）！！！

5524900002005939|06/26|240|Lorraine Witowski|182 Gardner Crt|Penticton|BC|V2A 8N6|Canada|+1 (250) 488-7320|lfontinha@hotmail.com
4535113383187090|04/28|510|Laurie Whitty|32 Forest Park Rd|Orangeville|ON|L9W 1A3|Canada|+1 (519) 806-1024|laurie.whitty@rogers.com

5599940477772886|01/29|866|JoDee Bassett|201 200 Lobird Road|Whitehorse|YT|Y1A 5V4|Canada|+1 (867) 334-7236|jodeebassett@gmail.com
5446122704823304|09/25|421|Susan Sytsema|184 Whitestone crescent n.e|Calgary|AB|T1Y 1S7|Canada|+1 (587) 700-6534|susansytsema@gmail.com
5598220335369022|07/26|842|Suzanne Lambert|435 7rang simpsons st cyrille de wendover|Drummondville|QC|J1Z 1N9|Canada|+1 (819) 397-4890|lambertsuzanne234@gmail.com
4530810186522044|01/27|666|Nancy Levasseur|135 Boul Lacombe 3|Repentigny|QC|J5Z 3C4|Canada|+1 (438) 392-1871|titi.nancy01@hotmail.ca
4138890002949445|06/25|334|Brenda Ramos|30|Richmond Hill|ON|L4E 1C3|Canada|4165798589|ramosbrenda@rogers.com
5446122121644838|07/25|877|ALFRED Poirier|175 GOETZ STREET back door|Sault Ste. Marie|ON|P6C 4W1|Canada|+1 (705) 254-8996|alfredpaulpoirier1@sympatico.ca
4537044916861018|08/27|237|Chris Kendrick|2309 53 Ave|Lloydminster|AB|T9V 2R1|Canada|+1 (780) 806-3288|chriskendrick1302@gmail.com
5160751008589106|12/26|176|Carole Sirard|2565 Cote De Terrebonne|Terrebonne|QC|J6Y 1H3|Canada|+1 (514) 594-9776|carole.sirard@outlook.com
4724090636532317|08/26|574|Crystal Morrison|33730 3 Ave Na|Mission|BC|V2V 1R2|Canada|+1 (236) 515-9595|puppyluv94@hotmail.com
5223036212143667|02/27|240|Jean Yves Cote|333 Rue De L'Écologie|Chicoutimi|QC|G7H 0R9|Canada|+1 (581) 447-4327|bijou.42@hotmail.com
5411420200111344|03/27|115|Fran Woods|4108 Hwy 28 PO BOX 695|Lakefield|ON|K0L 2H0|Canada|+1 (705) 654-4000|fran@kawarthautility.com
4520885006498726|11/27|349|Jo Nazar|270 Rookwood Avenue|Fredericton|NB|E3B1A2|Canada|5064611268|jo.nazar@gmail.com
4520885062497257|06/26|763|Maryavale@icloud.com Vale|145 Mt Robson Close Se|Calgary|AB|T2Z 2E3|Canada|+1 (587) 439-5272|maryavale@icloud.com
4724090174398196|01/25|729|Theron Winship|831 Hwy 340|Yarmouth|NS|B5A 5N1|Canada|-|theron.win@hotmail.com
5223031008928579|04/26|487|Wendy Morgan|20 Hope Cres|Belleville|ON|K8P 4S2|Canada|+1 (613) 403-4958|thequeenherself@hotmail.com
4510140013724066|11/25|423|Carol Budd|RR 1, Site 13, Comp 11|Olds|AB|T4H 1P2|Canada|+1 (403) 507-4129|cwbudd@gmail.com
5191230177323228|06/27|670|Yves Simard|255 Rue Moreau|Roberval|QC|G8H 0B7|Canada|+1 (418) 637-0635|yvessimard@cgocable.ca
4520883070387107|04/25|657|Diana Smith|103 Gay Crescent|Kitchener|ON|N2A 2C2|Canada|5195753827|dianarodsmith@gmail.com
4724090767592833|08/27|507|Virgil Savoie|132 Killdeer Way|Fort Mcmurray|AB|T9K 0P8|Canada|+1 (780) 838-2828|vcsavoie@gmail.com
4696662150911921|01/27|709|Foluke Malumi|Parkdale Hostellerie 83|Toronto|ON|M6K 2J2|Canada|+1 (437) 808-9245|folukemalumi@gmail.com
4514079280053831|09/24|795|Yvonne Jamieson|616 Bateman Line|Mount Pleasant|ON|N0E 1K0|Canada|+1 (519) 732-1324|meggies@sympatico.ca
4535109624313016|01/25|398|Brian Conrad|8614 99b St|Grande Prairie|AB|T8V 2J4|Canada|+1 (780) 814-4733|b.d.conrad@telus.net
4342561086298338|02/26|172|Margaret Anne Greabeiel|14419 98 Ave Nw|Edmonton|AB|T5N 0G8|Canada|+1 (780) 451-1309|magreabeiel@gmail.com
4519922148382527|06/27|541|Jason Pantlitz|190 Clark Blvd Apt 906|Brampton|ON|L6T 4A8|Canada|+1 (437) 688-1120|jjpromeo@hotmail.com
4724090134317401|11/27|056|Jennifer Miller|Stoneshire Cres.|Spruce Grove|AB|T7X 3C9|Canada|7896199535|jgtctmiller@gmail.com
4530911420237033|12/25|905|Diane Gagnon|301 Rue Fred Forsythe|Gatineau|QC|J9J 2X1|Canada|+1 (819) 775-2414|didigag14@hotmail.com
5457569584264239|05/26|953|Sharron Henry|6 Keith Monkman Way|Brampton|ON|L7A 5C6|Canada|+1 (647) 261-9565|islandbeauty65@gmail.com
4520830016396817|11/24|932|Alexey Olkhovskiy|7 Concorde Pl 2303|North York|ON|M3C 3N4|Canada|+1 (647) 527-1849|olkhovskiy.toronto@gmail.com
5446122972457710|05/26|356|Sophie Lemay|206 Av Dorion|Saint-Hyacinthe|QC|J2S 8S1|Canada|+1 (514) 602-9809|lemay_74@hotmail.com
5160751189621736|12/25|866|Yves Desbiens|2241 Rue De La RiviÈre-aux-sables|JonquiÈre|QC|G7X 6S4|Canada|+1 (418) 412-1123|spiderdesbien@hotmail.com
5446147335436556|11/24|140|Lee Tremblay|7662 Chorozy St|Niagara Falls|ON|L2H 2N9|Canada|+1 (289) 213-3279|ljt3369@hotmail.com
5234419919611904|02/27|454|Joanne singleton|300-1401 Lonsdale Ave|North Vancouver|BC|V7M 2H9|Canada|+1 (604) 970-2779|jesingleton@shaw.ca
4724090532474697|01/28|740|Sargent Pat|245 Wellington St E|Cornwall|ON|K6H 7C3|Canada|+1 (905) 434-0888|psargent0511@gmail.com
4724090840835571|02/28|839|Cameron Ferner|103 Addington Dr 26|Red Deer|AB|T4R 2Z6|Canada|+1 (587) 378-7201|camferner0@gmail.com
4537044475322048|04/27|255|C Jane Ready|PO Box 246 4875 Radium Blvd|Radium Hot Springs|BC|V0A1M0|Canada|1 (506) 461-9033|readycj@gmail.com

4138890002854116|11/26|037|Derek Lefevre|171 Lake Ridge Rd|Winnipeg|MB|R2Y 1K3|Canada|+1 (647) 612-2443|derek44@gmail.com
5258984930087807|10/26|606|Francine-Emilie Gilbert|494 Rue Des Plaines|Val-D'Or|QC|J9P 4R7|Canada|+1 (819) 825-6312|fegilbert@tlb.sympatico.ca
4536001444892700|04/28|530|Kim Carreau|520 Bronson Ave|Ottawa|ON|K1R 7Y9|Canada|+1 (613) 276-7990|bushpeachx@gmail.com
5191230227683829|08/24|390|Ellen Reid|9, Terrace Dr|Stoney Creek|ON|L8G 2S1|Canada|+1 9058187775|elli1773@hotmail.com
4535119777564075|02/25|465|Linda Regner|2115 14 Ave|Didsbury|AB|T0M 0W0|Canada|+1 (403) 335-5930|linregner@gmail.com
4152298110503891|06/30|111|Lily Park|183 Pantego Way Nw|Calgary|AB|T3K 0K7|Canada|+1 (403) 616-3142|lilymamo0399@gmail.com
5136101182225401|07/26|271|Julie Meeuwse|31-7610 Evans Rd|Chilliwack|BC|V2R 2T4|Canada|+1 (604) 824-7111|cootnbiddy@shaw.ca
4724090739129961|04/28|032|Hana Krischke|3045 Queen Frederica Dr 1111|Mississauga|ON|L4Y 3A2|Canada|+1 (416) 805-4751|hanka1859@outlook.com
4504400055543073|11/27|961|Huff Susan|10 Canal Street East Apt 3|Tilbury|ON|N0P 2L0|Canada|5193582861|suehuff293@gmail.com
4519912166486425|09/26|050|Debbie Rockola|25 Lake Crest Rd 18|Winnipeg|MB|R3T 4M3|Canada|+1 (204) 899-6540|d_rockola@hotmail.com
4530914998814043|07/27|436|anne-marie lejeune|1920 adoncour 206|longueuil|QC|J4N 1T4|Canada|+1 (450) 441-3768|bibidou13@gmail.com
4537341971023025|03/27|195|Marie Byrne|Yellowhead Highway|Kamloops|NL|V2H 1N3|Canada|+1 (613) 406-1682|mariehbyrne71@gmail.com
4535096981502010|03/27|426|David Beach|535Langholme dr|Victoria|BC|V9C 1L7|Canada|+1 (778) 977-4242|dabeach56@gmail.com
4540331690131030|08/25|355|Gaétane Jourdain|917 Rang St Joseph|Les Bergeronnes|QC|G0T 1G0|Canada|+1 (418) 232-1110|gaetane_jourdain@hotmail.com
5457569736957227|04/25|499|Claude Beaulieu|285 Boul Lévesque E 22|Laval|QC|H7G 1C5|Canada|+1 (514) 240-2528|beaulieu.claude7@gmail.com
5446122698365049|07/27|013|Marilyn Cutler|250 Rue Mountain|Chateauguay|QC|J6J 5A1|Canada|+1 (514) 916-5094|marilyn_cutler13@sympatico.ca
5510290102814497|08/27|228|Pavlo Perun|1 Larkin Ave|Toronto|ON|M6S 1L7|Canada|+1 (647) 892-8245|stephaniebonk@yahoo.ca
5457567695115357|02/27|030|Douglas Allison|76-1770 Polonia Park Pl|Windsor|ON|N8Y 4W3|Canada|+1 (226) 246-9732|dallison12@cogeco.ca
4535098178230025|05/27|675|Céline Ladurantaye|15 chemin Stewart|Val des Monts J8N 7B4|QC|J8N 7B4|Canada|+1 (819) 328-7741|cladurantaye22@gmail.com
4520058003410967|05/25|533|Beth Veale|88 Edgeland cr NW|Calgary|AB|T3A 4C6|Canada|5878970770|vealebethm@gmail.com
4520885043137691|11/26|755|Denise Belley|16-1103 TWP RD 540|Parkland County|AB|T7Y 0A6|Canada|780 913 4395|denisebelley@icloud.com
4520018008800240|10/24|030|Cornelius Peters|Po box 194|Vulcan|AB|T0l2b0|Canada|+1 (306) 320-1647|cpeters833@gmail.com
4512238301767488|09/26|879|Sarah Horton|378 Lefebvre Way|Orleans|ON|K1E 2W4|Canada|+1 (613) 590-0278|dewberry226@hotmail.com
5258975940375380|10/24|350|Denis Gauthier|5450 Av Nicolas-giroux|QuÉbec|QC|G1H 6T5|Canada|+1 (418) 456-5123|denisgauthier590@gmail.com
5457568150500653|06/28|510|Dale Reynolds|253 St Augustine Dr|St Catharines|ON|L2P 3L9|Canada|+1 (905) 964-3830|dalereynolds39@gmail.com
4530915205046055|08/24|486|Tremblay Jean guy|853 Rue Murdock App2|Chicoutimi|QC|G7H 3Z7|Canada|+1 418 319 5589|jeanguytremblay1949@gmail.com
5524903604889742|06/50|509|Dorrie Smith|108. 6220 Fulton RdNW|Edmonton|AB|T6A 3T4|Canada|+1 (780) 218-1056|alvars41dorrie@gmail.com
4520850049645741|11/25|942|Maria Pires|3 Larkfield Rd|Brampton|ON|L6V 2T2|Canada|+1 (647) 982-5067|gena_pires@hotmail.com
4520880097784407|08/24|703|Shawn Elliott|4308 Taywood Dr|Burlington|ON|L7M 4S7|Canada|+1 (289) 259-3611|shawnanddeb@cogeco.ca
5457567500788877|04/26|915|Stephen McCoy|210 Hoople Ave|Cornwall|ON|K6J 2A3|Canada|+1 (343) 370-6663|smccoy1960@yahoo.ca
4520050060477443|03/27|746|Euphemia Bev Buchanan|762 hampt0n court|pickering|ON|L1W 3M3|Canada|+1 1 (416) 575-4251|royalbev@hotmail.com
5191230229680229|02/26|465|denis Hamel|629 rue st francois app 04 granby p.q canada|granby|QC|J2G 3K4|Canada|+1 4503301953|hamel.denis053@gmail.com
5191230166933185|03/26|030|Simplicia Garcia|1397 Dundas Street West|Toronto|ON|M6J 1Y4|Canada|4165313089|simpliciajosemanuel@hotmail.com
4537080393942038|08/28|738|Valerie Rowan|113 Grandview Pl|Cranbrook|BC|V1C 6R4|Canada|2504894430|bvrowan@telus.net

5457567845395495|02/26|150|Daniel Cyr|29 Ch De La Montagne|Saint-léonard|NB|E7E 2L2|Canada|+1 (506) 479-4423|123daniel693@gmail.com
4724090320403163|08/24|455|Djuma Bomani|129 Taralea Cir NE|Calgary|AB|T3J 5G9|Canada|+1 825 365 0939|jbomani95@gmail.com
4520885035088431|04/28|302|Solange Duquette|1326 Mont-royal Blvd|Montreal|QC|H2V 2J1|Canada|+1 (514) 772-5579|polsol@videotron.ca
4540331181271030|11/27|585|Pascale Lamothe|62 Rue Lemieux 2|Granby|QC|J2H 0E9|Canada|+1 (450) 502-4733|pascale.lamothe@cssh.qc.ca
5416063600989698|11/26|213|Judy Hunter|19982 Hwy 16 W|Endako|BC|V0J 1L0|Canada|+1 (250) 699-7763|ajhunter3677@gmail.com
5524902750107164|09/24|112|Heidi Lockhart|617 Mt Ida Dr|Coldstream|BC|V1B 3Y6|Canada|+1 (250) 540-3573|lockhartheidi28@gmail.com
5524903606692920|09/26|346|Bonnie Smith|Box 171|Kronau|SK|S0G 2T0|Canada|3065264784|dodgecity99@hotmail.com
5446122921417492|09/27|875|Siegfred Malvar|5348 Irving St|Burnaby|BC|V5H 1T9|Canada|+1 (604) 720-1747|siegfredmalvar@hotmail.com
5443882499611437|04/27|111|Melanie Mallet|110- 3430 Rue Masson|Montreal|QC|H1X 1R7|Canada|+1 (514) 882-3830|m_mallet88@hotmail.com
4530915972772016|03/28|530|Jany Tremblay|33 Ch Des Lucioles|Saint-Donat-De-Montcalm|QC|J0T 2C0|Canada|+1 (438) 454-4607|janycree@gmail.com
4538262027399012|02/28|412|Cathy O'Brien|191 Rink St 505|Peterborough|ON|K9J 2J7|Canada|+1 705 931 5190|loserjob1@gmail.com
5136101472052879|10/26|461|Lorraine Restoule|41 Michaud St|Sturgeon Falls|ON|P2B 1B6|Canada|+1 1 (705) 358-3457|rrenonevada@hotmail.com
4520709038600655|11/25|903|Scott Lippel|890 Riordon Dr|Bathurst|NB|E2A 4W7|Canada|+1 (705) 330-7519|slippel75@gmail.com




# 可出验证页面
5371720221815148|02/28|892|Rick Danyluck|1231Styles|Victoria BC|BC|V9A 3Z6|Canada|-|rick.danyluck@shaw.ca
4536001501538402|06/28|353|Nancy Hughes|4650 50 Ave Sw Apt 511|Calgary|AB|T3E 8C4|Canada|+1 (587) 500-2163|hughesnancy29@gmail.com
4514076542639803|09/26|403|Melody Sparkes|156 albert st Po box 3807|Windsor|NS|B0N 2T0|Canada|+1 (902) 799-1144|melodysparkes@hotmail.com
5457567967507935|06/28|342|javed abassi|23 Larkdale Cres|Angus|ON|L0M 1B0|Canada|+1 (647) 262-7789|javinventer@gmail.com
5457568411430575|09/26|580|Miriam Vien|13 Rue De La Rive|Notre-dame-des-prairies|QC|J6E 1M9|Canada|+1 (450) 365-5632|miriamprofessionnelle@gmail.com
4537002192794105|04/27|181|Brian Smith|8patten place|Fortune|NL|AOE 1P0|Canada|+1 (709) 832-1373|larkysmith59@gmail.com
4505500032117575|12/26|239|Jan Knight|1211 Westview Drive Po Box 153|Bowden|AB|T0M 0K0|Canada|+1 (403) 391-6351|kyodydesigns@hotmail.com
5378110033823196|03/27|756|Juno No|22 9th St. Apt 703|Medford|MA|02155|Canada|+1 (718) 916-2488|Mindmall2@gmail.com